,a,b,exact,sma,ama1,ama2,axa2,axa3,bxfa
0,1,1,2,2,254,2,255,2,1
1,1,2,3,4,253,2,252,0,1
2,1,3,4,4,252,2,253,4,1
3,1,5,6,10,250,2,251,2,1
4,1,7,8,8,248,2,249,8,1
5,1,11,12,20,244,2,245,4,1
6,1,13,14,18,242,2,243,2,1
7,1,17,18,34,238,2,239,2,1
8,1,19,20,36,236,2,237,4,1
9,1,23,24,40,232,2,233,8,1
10,1,29,30,34,226,2,227,2,1
11,1,31,32,32,224,2,225,32,1
12,1,37,38,74,218,2,219,2,1
13,1,41,42,82,214,2,215,2,1
14,1,43,44,84,212,2,213,4,1
15,1,47,48,80,208,2,209,16,1
16,1,53,54,74,202,2,203,2,1
17,1,59,60,68,196,2,197,4,1
18,1,61,62,66,194,2,195,2,1
19,1,67,68,132,188,2,189,4,1
20,1,71,72,136,184,2,185,8,1
21,1,73,74,146,182,2,183,2,1
22,1,79,80,144,176,2,177,16,1
23,1,83,84,164,172,2,173,4,1
24,1,89,90,162,166,2,167,2,1
25,1,97,98,130,158,2,159,2,1
26,1,101,102,138,154,2,155,2,1
27,1,103,104,136,152,2,153,8,1
28,1,107,108,148,148,2,149,4,1
29,1,109,110,146,146,2,147,2,1
30,1,113,114,130,142,2,143,2,1
31,1,121,122,130,134,2,135,2,1
32,1,127,128,128,128,2,129,128,1
33,2,1,3,4,252,4,252,0,2
34,2,2,4,4,253,4,255,4,2
35,2,3,5,6,252,4,254,4,2
36,2,5,7,8,248,4,248,0,2
37,2,7,9,10,248,4,250,8,2
38,2,11,13,22,244,4,246,4,2
39,2,13,15,16,240,4,240,0,2
40,2,17,19,36,236,4,236,0,2
41,2,19,21,38,236,4,238,4,2
42,2,23,25,42,232,4,234,8,2
43,2,29,31,32,224,4,224,0,2
44,2,31,33,34,224,4,226,32,2
45,2,37,39,72,216,4,216,0,2
46,2,41,43,84,212,4,212,0,2
47,2,43,45,86,212,4,214,4,2
48,2,47,49,82,208,4,210,16,2
49,2,53,55,72,200,4,200,0,2
50,2,59,61,70,196,4,198,4,2
51,2,61,63,64,192,4,192,0,2
52,2,67,69,134,188,4,190,4,2
53,2,71,73,138,184,4,186,8,2
54,2,73,75,148,180,4,180,0,2
55,2,79,81,146,176,4,178,16,2
56,2,83,85,166,172,4,174,4,2
57,2,89,91,164,164,4,164,0,2
58,2,97,99,132,156,4,156,0,2
59,2,101,103,136,152,4,152,0,2
60,2,103,105,138,152,4,154,8,2
61,2,107,109,150,148,4,150,4,2
62,2,109,111,144,144,4,144,0,2
63,2,113,115,132,140,4,140,0,2
64,2,121,123,132,132,4,132,0,2
65,2,127,129,130,128,4,130,128,2
66,3,1,4,4,252,4,253,4,3
67,3,2,5,4,253,6,254,4,3
68,3,3,6,6,252,6,255,6,3
69,3,5,8,8,248,4,249,8,3
70,3,7,10,10,248,6,251,10,3
71,3,11,14,22,244,6,247,6,3
72,3,13,16,16,240,4,241,16,3
73,3,17,20,36,236,4,237,4,3
74,3,19,22,38,236,6,239,6,3
75,3,23,26,42,232,6,235,10,3
76,3,29,32,32,224,4,225,32,3
77,3,31,34,34,224,6,227,34,3
78,3,37,40,72,216,4,217,8,3
79,3,41,44,84,212,4,213,4,3
80,3,43,46,86,212,6,215,6,3
81,3,47,50,82,208,6,211,18,3
82,3,53,56,72,200,4,201,8,3
83,3,59,62,70,196,6,199,6,3
84,3,61,64,64,192,4,193,64,3
85,3,67,70,134,188,6,191,6,3
86,3,71,74,138,184,6,187,10,3
87,3,73,76,148,180,4,181,4,3
88,3,79,82,146,176,6,179,18,3
89,3,83,86,166,172,6,175,6,3
90,3,89,92,164,164,4,165,4,3
91,3,97,100,132,156,4,157,4,3
92,3,101,104,136,152,4,153,8,3
93,3,103,106,138,152,6,155,10,3
94,3,107,110,150,148,6,151,6,3
95,3,109,112,144,144,4,145,16,3
96,3,113,116,132,140,4,141,4,3
97,3,121,124,132,132,4,133,4,3
98,3,127,130,130,128,6,131,130,3
99,5,1,6,2,254,10,251,2,5
100,5,2,7,8,249,10,248,0,5
101,5,3,8,8,248,10,249,8,5
102,5,5,10,10,250,10,255,10,5
103,5,7,12,12,248,10,253,12,5
104,5,11,16,16,240,10,241,16,5
105,5,13,18,18,242,10,247,18,5
106,5,17,22,34,238,10,235,2,5
107,5,19,24,40,232,10,233,8,5
108,5,23,28,44,232,10,237,12,5
109,5,29,34,34,226,10,231,34,5
110,5,31,36,36,224,10,229,36,5
111,5,37,42,74,218,10,223,10,5
112,5,41,46,82,214,10,211,2,5
113,5,43,48,80,208,10,209,16,5
114,5,47,52,84,208,10,213,20,5
115,5,53,58,74,202,10,207,10,5
116,5,59,64,64,192,10,193,64,5
117,5,61,66,66,194,10,199,66,5
118,5,67,72,136,184,10,185,8,5
119,5,71,76,140,184,10,189,12,5
120,5,73,78,146,182,10,179,2,5
121,5,79,84,148,176,10,181,20,5
122,5,83,88,168,168,10,169,8,5
123,5,89,94,162,166,10,163,2,5
124,5,97,102,130,158,10,155,2,5
125,5,101,106,138,154,10,159,10,5
126,5,103,108,140,152,10,157,12,5
127,5,107,112,144,144,10,145,16,5
128,5,109,114,146,146,10,151,18,5
129,5,113,118,130,142,10,139,2,5
130,5,121,126,130,134,10,131,2,5
131,5,127,132,132,128,10,133,132,5
132,7,1,8,8,248,8,249,8,7
133,7,2,9,8,249,10,250,8,7
134,7,3,10,10,248,10,251,10,7
135,7,5,12,12,248,12,253,12,7
136,7,7,14,14,248,14,255,14,7
137,7,11,18,18,240,10,243,18,7
138,7,13,20,20,240,12,245,20,7
139,7,17,24,40,232,8,233,8,7
140,7,19,26,42,232,10,235,10,7
141,7,23,30,46,232,14,239,14,7
142,7,29,36,36,224,12,229,36,7
143,7,31,38,38,224,14,231,38,7
144,7,37,44,76,216,12,221,12,7
145,7,41,48,80,208,8,209,16,7
146,7,43,50,82,208,10,211,18,7
147,7,47,54,86,208,14,215,22,7
148,7,53,60,76,200,12,205,12,7
149,7,59,66,66,192,10,195,66,7
150,7,61,68,68,192,12,197,68,7
151,7,67,74,138,184,10,187,10,7
152,7,71,78,142,184,14,191,14,7
153,7,73,80,144,176,8,177,16,7
154,7,79,86,150,176,14,183,22,7
155,7,83,90,170,168,10,171,10,7
156,7,89,96,160,160,8,161,32,7
157,7,97,104,136,152,8,153,8,7
158,7,101,108,140,152,12,157,12,7
159,7,103,110,142,152,14,159,14,7
160,7,107,114,146,144,10,147,18,7
161,7,109,116,148,144,12,149,20,7
162,7,113,120,136,136,8,137,8,7
163,7,121,128,128,128,8,129,128,7
164,7,127,134,134,128,14,135,134,7
165,11,1,12,4,252,20,245,4,11
166,11,2,13,4,253,22,246,4,11
167,11,3,14,6,252,22,247,6,11
168,11,5,16,16,240,20,241,16,11
169,11,7,18,18,240,22,243,18,11
170,11,11,22,22,244,22,255,22,11
171,11,13,24,24,240,20,249,24,11
172,11,17,28,36,236,20,229,4,11
173,11,19,30,38,236,22,231,6,11
174,11,23,34,34,224,22,227,34,11
175,11,29,40,40,224,20,233,40,11
176,11,31,42,42,224,22,235,42,11
177,11,37,48,80,208,20,209,16,11
178,11,41,52,84,212,20,221,20,11
179,11,43,54,86,212,22,223,22,11
180,11,47,58,90,208,22,219,26,11
181,11,53,64,64,192,20,193,64,11
182,11,59,70,70,196,22,207,70,11
183,11,61,72,72,192,20,201,72,11
184,11,67,78,134,188,22,183,6,11
185,11,71,82,146,176,22,179,18,11
186,11,73,84,148,180,20,189,20,11
187,11,79,90,154,176,22,187,26,11
188,11,83,94,166,172,22,167,6,11
189,11,89,100,164,164,20,173,36,11
190,11,97,108,132,156,20,149,4,11
191,11,101,112,144,144,20,145,16,11
192,11,103,114,146,144,22,147,18,11
193,11,107,118,150,148,22,159,22,11
194,11,109,120,152,144,20,153,24,11
195,11,113,124,132,140,20,133,4,11
196,11,121,132,132,132,20,141,132,11
197,11,127,138,138,128,22,139,138,11
198,13,1,14,2,254,18,243,2,13
199,13,2,15,16,241,18,240,0,13
200,13,3,16,16,240,18,241,16,13
201,13,5,18,18,242,18,247,18,13
202,13,7,20,20,240,18,245,20,13
203,13,11,24,24,240,26,249,24,13
204,13,13,26,26,242,26,255,26,13
205,13,17,30,34,238,18,227,2,13
206,13,19,32,32,224,18,225,32,13
207,13,23,36,36,224,18,229,36,13
208,13,29,42,42,226,26,239,42,13
209,13,31,44,44,224,26,237,44,13
210,13,37,50,82,210,18,215,18,13
211,13,41,54,82,214,26,219,18,13
212,13,43,56,88,208,26,217,24,13
213,13,47,60,92,208,26,221,28,13
214,13,53,66,66,194,18,199,66,13
215,13,59,72,72,192,26,201,72,13
216,13,61,74,74,194,26,207,74,13
217,13,67,80,144,176,18,177,16,13
218,13,71,84,148,176,18,181,20,13
219,13,73,86,146,182,26,187,18,13
220,13,79,92,156,176,26,189,28,13
221,13,83,96,160,160,18,161,32,13
222,13,89,102,162,166,26,171,34,13
223,13,97,110,130,158,18,147,2,13
224,13,101,114,146,146,18,151,18,13
225,13,103,116,148,144,18,149,20,13
226,13,107,120,152,144,26,153,24,13
227,13,109,122,154,146,26,159,26,13
228,13,113,126,130,142,18,131,2,13
229,13,121,134,130,134,26,139,130,13
230,13,127,140,140,128,26,141,140,13
231,17,1,18,2,254,34,239,2,17
232,17,2,19,4,253,34,236,0,17
233,17,3,20,4,252,34,237,4,17
234,17,5,22,10,250,34,235,2,17
235,17,7,24,8,248,34,233,8,17
236,17,11,28,36,228,34,229,4,17
237,17,13,30,34,226,34,227,2,17
238,17,17,34,34,238,34,255,34,17
239,17,19,36,36,236,34,253,36,17
240,17,23,40,40,232,34,249,40,17
241,17,29,46,50,226,34,243,34,17
242,17,31,48,48,224,34,241,48,17
243,17,37,54,74,218,34,203,2,17
244,17,41,58,66,198,34,199,2,17
245,17,43,60,68,196,34,197,4,17
246,17,47,64,64,192,34,193,64,17
247,17,53,70,74,202,34,219,66,17
248,17,59,76,84,196,34,213,68,17
249,17,61,78,82,194,34,211,66,17
250,17,67,84,132,188,34,173,4,17
251,17,71,88,136,184,34,169,8,17
252,17,73,90,162,166,34,167,2,17
253,17,79,96,160,160,34,161,32,17
254,17,83,100,164,172,34,189,36,17
255,17,89,106,178,166,34,183,34,17
256,17,97,114,130,158,34,143,2,17
257,17,101,118,138,154,34,139,2,17
258,17,103,120,136,152,34,137,8,17
259,17,107,124,132,132,34,133,4,17
260,17,109,126,130,130,34,131,2,17
261,17,113,130,130,142,34,159,130,17
262,17,121,138,146,134,34,151,130,17
263,17,127,144,144,128,34,145,144,17
264,19,1,20,4,252,36,237,4,19
265,19,2,21,4,253,38,238,4,19
266,19,3,22,6,252,38,239,6,19
267,19,5,24,8,248,36,233,8,19
268,19,7,26,10,248,38,235,10,19
269,19,11,30,38,228,38,231,6,19
270,19,13,32,32,224,36,225,32,19
271,19,17,36,36,236,36,253,36,19
272,19,19,38,38,236,38,255,38,19
273,19,23,42,42,232,38,251,42,19
274,19,29,48,48,224,36,241,48,19
275,19,31,50,50,224,38,243,50,19
276,19,37,56,72,216,36,201,8,19
277,19,41,60,68,196,36,197,4,19
278,19,43,62,70,196,38,199,6,19
279,19,47,66,66,192,38,195,66,19
280,19,53,72,72,200,36,217,72,19
281,19,59,78,86,196,38,215,70,19
282,19,61,80,80,192,36,209,80,19
283,19,67,86,134,188,38,175,6,19
284,19,71,90,138,184,38,171,10,19
285,19,73,92,164,164,36,165,4,19
286,19,79,98,162,160,38,163,34,19
287,19,83,102,166,172,38,191,38,19
288,19,89,108,180,164,36,181,36,19
289,19,97,116,132,156,36,141,4,19
290,19,101,120,136,152,36,137,8,19
291,19,103,122,138,152,38,139,10,19
292,19,107,126,134,132,38,135,6,19
293,19,109,128,128,128,36,129,128,19
294,19,113,132,132,140,36,157,132,19
295,19,121,140,148,132,36,149,132,19
296,19,127,146,146,128,38,147,146,19
297,23,1,24,8,248,40,233,8,23
298,23,2,25,8,249,42,234,8,23
299,23,3,26,10,248,42,235,10,23
300,23,5,28,12,248,44,237,12,23
301,23,7,30,14,248,46,239,14,23
302,23,11,34,34,224,42,227,34,23
303,23,13,36,36,224,44,229,36,23
304,23,17,40,40,232,40,249,40,23
305,23,19,42,42,232,42,251,42,23
306,23,23,46,46,232,46,255,46,23
307,23,29,52,52,224,44,245,52,23
308,23,31,54,54,224,46,247,54,23
309,23,37,60,76,216,44,205,12,23
310,23,41,64,64,192,40,193,64,23
311,23,43,66,66,192,42,195,66,23
312,23,47,70,70,192,46,199,70,23
313,23,53,76,76,200,44,221,76,23
314,23,59,82,82,192,42,211,82,23
315,23,61,84,84,192,44,213,84,23
316,23,67,90,138,184,42,171,10,23
317,23,71,94,142,184,46,175,14,23
318,23,73,96,160,160,40,161,32,23
319,23,79,102,166,160,46,167,38,23
320,23,83,106,170,168,42,187,42,23
321,23,89,112,176,160,40,177,48,23
322,23,97,120,136,152,40,137,8,23
323,23,101,124,140,152,44,141,12,23
324,23,103,126,142,152,46,143,14,23
325,23,107,130,130,128,42,131,130,23
326,23,109,132,132,128,44,133,132,23
327,23,113,136,136,136,40,153,136,23
328,23,121,144,144,128,40,145,144,23
329,23,127,150,150,128,46,151,150,23
330,29,1,30,2,254,34,227,2,29
331,29,2,31,32,225,34,224,0,29
332,29,3,32,32,224,34,225,32,29
333,29,5,34,34,226,34,231,34,29
334,29,7,36,36,224,34,229,36,29
335,29,11,40,40,224,42,233,40,29
336,29,13,42,42,226,42,239,42,29
337,29,17,46,34,238,50,243,34,29
338,29,19,48,48,224,50,241,48,29
339,29,23,52,52,224,50,245,52,29
340,29,29,58,58,226,58,255,58,29
341,29,31,60,60,224,58,253,60,29
342,29,37,66,66,194,34,199,66,29
343,29,41,70,66,198,42,203,66,29
344,29,43,72,72,192,42,201,72,29
345,29,47,76,76,192,42,205,76,29
346,29,53,82,82,194,50,215,82,29
347,29,59,88,88,192,58,217,88,29
348,29,61,90,90,194,58,223,90,29
349,29,67,96,160,160,34,161,32,29
350,29,71,100,164,160,34,165,36,29
351,29,73,102,162,166,42,171,34,29
352,29,79,108,172,160,42,173,44,29
353,29,83,112,176,160,50,177,48,29
354,29,89,118,178,166,58,187,50,29
355,29,97,126,130,158,34,131,2,29
356,29,101,130,130,130,34,135,130,29
357,29,103,132,132,128,34,133,132,29
358,29,107,136,136,128,42,137,136,29
359,29,109,138,138,130,42,143,138,29
360,29,113,142,130,142,50,147,130,29
361,29,121,150,146,134,58,155,146,29
362,29,127,156,156,128,58,157,156,29
363,31,1,32,32,224,32,225,32,31
364,31,2,33,32,225,34,226,32,31
365,31,3,34,34,224,34,227,34,31
366,31,5,36,36,224,36,229,36,31
367,31,7,38,38,224,38,231,38,31
368,31,11,42,42,224,42,235,42,31
369,31,13,44,44,224,44,237,44,31
370,31,17,48,48,224,48,241,48,31
371,31,19,50,50,224,50,243,50,31
372,31,23,54,54,224,54,247,54,31
373,31,29,60,60,224,60,253,60,31
374,31,31,62,62,224,62,255,62,31
375,31,37,68,68,192,36,197,68,31
376,31,41,72,72,192,40,201,72,31
377,31,43,74,74,192,42,203,74,31
378,31,47,78,78,192,46,207,78,31
379,31,53,84,84,192,52,213,84,31
380,31,59,90,90,192,58,219,90,31
381,31,61,92,92,192,60,221,92,31
382,31,67,98,162,160,34,163,34,31
383,31,71,102,166,160,38,167,38,31
384,31,73,104,168,160,40,169,40,31
385,31,79,110,174,160,46,175,46,31
386,31,83,114,178,160,50,179,50,31
387,31,89,120,184,160,56,185,56,31
388,31,97,128,128,128,32,129,128,31
389,31,101,132,132,128,36,133,132,31
390,31,103,134,134,128,38,135,134,31
391,31,107,138,138,128,42,139,138,31
392,31,109,140,140,128,44,141,140,31
393,31,113,144,144,128,48,145,144,31
394,31,121,152,152,128,56,153,152,31
395,31,127,158,158,128,62,159,158,31
396,37,1,38,2,254,74,219,2,37
397,37,2,39,8,249,74,216,0,37
398,37,3,40,8,248,74,217,8,37
399,37,5,42,10,250,74,223,10,37
400,37,7,44,12,248,74,221,12,37
401,37,11,48,16,240,74,209,16,37
402,37,13,50,18,242,74,215,18,37
403,37,17,54,66,206,74,203,2,37
404,37,19,56,72,200,74,201,8,37
405,37,23,60,76,200,74,205,12,37
406,37,29,66,66,194,74,199,66,37
407,37,31,68,68,192,74,197,68,37
408,37,37,74,74,218,74,255,74,37
409,37,41,78,82,214,74,243,66,37
410,37,43,80,80,208,74,241,80,37
411,37,47,84,84,208,74,245,84,37
412,37,53,90,106,202,74,239,74,37
413,37,59,96,96,192,74,225,96,37
414,37,61,98,98,194,74,231,98,37
415,37,67,104,136,184,74,153,8,37
416,37,71,108,140,184,74,157,12,37
417,37,73,110,146,182,74,147,2,37
418,37,79,116,148,176,74,149,20,37
419,37,83,120,136,136,74,137,8,37
420,37,89,126,130,134,74,131,2,37
421,37,97,134,130,158,74,187,130,37
422,37,101,138,138,154,74,191,138,37
423,37,103,140,140,152,74,189,140,37
424,37,107,144,144,144,74,177,144,37
425,37,109,146,146,146,74,183,146,37
426,37,113,150,162,142,74,171,130,37
427,37,121,158,162,134,74,163,130,37
428,37,127,164,164,128,74,165,164,37
429,41,1,42,2,254,82,215,2,41
430,41,2,43,4,253,82,212,0,41
431,41,3,44,4,252,82,213,4,41
432,41,5,46,18,242,82,211,2,41
433,41,7,48,16,240,82,209,16,41
434,41,11,52,20,244,82,221,20,41
435,41,13,54,26,242,82,219,18,41
436,41,17,58,66,206,82,199,2,41
437,41,19,60,68,204,82,197,4,41
438,41,23,64,64,192,82,193,64,41
439,41,29,70,74,194,82,203,66,41
440,41,31,72,72,192,82,201,72,41
441,41,37,78,82,210,82,243,66,41
442,41,41,82,82,214,82,255,82,41
443,41,43,84,84,212,82,253,84,41
444,41,47,88,88,208,82,249,88,41
445,41,53,94,98,194,82,227,66,41
446,41,59,100,100,196,82,237,100,41
447,41,61,102,106,194,82,235,98,41
448,41,67,108,132,188,82,149,4,41
449,41,71,112,144,176,82,145,16,41
450,41,73,114,146,182,82,159,18,41
451,41,79,120,152,176,82,153,24,41
452,41,83,124,132,140,82,133,4,41
453,41,89,130,130,134,82,143,130,41
454,41,97,138,130,158,82,183,130,41
455,41,101,142,146,146,82,179,130,41
456,41,103,144,144,144,82,177,144,41
457,41,107,148,148,148,82,189,148,41
458,41,109,150,154,146,82,187,146,41
459,41,113,154,162,142,82,167,130,41
460,41,121,162,162,134,82,175,162,41
461,41,127,168,168,128,82,169,168,41
462,43,1,44,4,252,84,213,4,43
463,43,2,45,4,253,86,214,4,43
464,43,3,46,6,252,86,215,6,43
465,43,5,48,16,240,84,209,16,43
466,43,7,50,18,240,86,211,18,43
467,43,11,54,22,244,86,223,22,43
468,43,13,56,24,240,84,217,24,43
469,43,17,60,68,204,84,197,4,43
470,43,19,62,70,204,86,199,6,43
471,43,23,66,66,192,86,195,66,43
472,43,29,72,72,192,84,201,72,43
473,43,31,74,74,192,86,203,74,43
474,43,37,80,80,208,84,241,80,43
475,43,41,84,84,212,84,253,84,43
476,43,43,86,86,212,86,255,86,43
477,43,47,90,90,208,86,251,90,43
478,43,53,96,96,192,84,225,96,43
479,43,59,102,102,196,86,239,102,43
480,43,61,104,104,192,84,233,104,43
481,43,67,110,134,188,86,151,6,43
482,43,71,114,146,176,86,147,18,43
483,43,73,116,148,180,84,157,20,43
484,43,79,122,154,176,86,155,26,43
485,43,83,126,134,140,86,135,6,43
486,43,89,132,132,132,84,141,132,43
487,43,97,140,132,156,84,181,132,43
488,43,101,144,144,144,84,177,144,43
489,43,103,146,146,144,86,179,146,43
490,43,107,150,150,148,86,191,150,43
491,43,109,152,152,144,84,185,152,43
492,43,113,156,164,140,84,165,132,43
493,43,121,164,164,132,84,173,164,43
494,43,127,170,170,128,86,171,170,43
495,47,1,48,16,240,80,209,16,47
496,47,2,49,16,241,82,210,16,47
497,47,3,50,18,240,82,211,18,47
498,47,5,52,20,240,84,213,20,47
499,47,7,54,22,240,86,215,22,47
500,47,11,58,26,240,90,219,26,47
501,47,13,60,28,240,92,221,28,47
502,47,17,64,64,192,80,193,64,47
503,47,19,66,66,192,82,195,66,47
504,47,23,70,70,192,86,199,70,47
505,47,29,76,76,192,92,205,76,47
506,47,31,78,78,192,94,207,78,47
507,47,37,84,84,208,84,245,84,47
508,47,41,88,88,208,88,249,88,47
509,47,43,90,90,208,90,251,90,47
510,47,47,94,94,208,94,255,94,47
511,47,53,100,100,192,84,229,100,47
512,47,59,106,106,192,90,235,106,47
513,47,61,108,108,192,92,237,108,47
514,47,67,114,146,176,82,147,18,47
515,47,71,118,150,176,86,151,22,47
516,47,73,120,152,176,88,153,24,47
517,47,79,126,158,176,94,159,30,47
518,47,83,130,130,128,82,131,130,47
519,47,89,136,136,128,88,137,136,47
520,47,97,144,144,144,80,177,144,47
521,47,101,148,148,144,84,181,148,47
522,47,103,150,150,144,86,183,150,47
523,47,107,154,154,144,90,187,154,47
524,47,109,156,156,144,92,189,156,47
525,47,113,160,160,128,80,161,160,47
526,47,121,168,168,128,88,169,168,47
527,47,127,174,174,128,94,175,174,47
528,53,1,54,2,254,74,203,2,53
529,53,2,55,8,249,74,200,0,53
530,53,3,56,8,248,74,201,8,53
531,53,5,58,10,250,74,207,10,53
532,53,7,60,12,248,74,205,12,53
533,53,11,64,64,192,74,193,64,53
534,53,13,66,66,194,74,199,66,53
535,53,17,70,66,206,74,219,66,53
536,53,19,72,72,200,74,217,72,53
537,53,23,76,76,200,74,221,76,53
538,53,29,82,82,194,74,215,82,53
539,53,31,84,84,192,74,213,84,53
540,53,37,90,74,218,106,239,74,53
541,53,41,94,98,198,106,227,66,53
542,53,43,96,96,192,106,225,96,53
543,53,47,100,100,192,106,229,100,53
544,53,53,106,106,202,106,255,106,53
545,53,59,112,112,192,106,241,112,53
546,53,61,114,114,194,106,247,114,53
547,53,67,120,136,184,74,137,8,53
548,53,71,124,140,184,74,141,12,53
549,53,73,126,130,134,74,131,2,53
550,53,79,132,132,128,74,133,132,53
551,53,83,136,136,136,74,153,136,53
552,53,89,142,146,134,74,147,130,53
553,53,97,150,130,158,106,171,130,53
554,53,101,154,138,154,106,175,138,53
555,53,103,156,140,152,106,173,140,53
556,53,107,160,160,128,106,161,160,53
557,53,109,162,162,130,106,167,162,53
558,53,113,166,162,142,106,187,162,53
559,53,121,174,178,134,106,179,162,53
560,53,127,180,180,128,106,181,180,53
561,59,1,60,4,252,68,197,4,59
562,59,2,61,4,253,70,198,4,59
563,59,3,62,6,252,70,199,6,59
564,59,5,64,64,192,68,193,64,59
565,59,7,66,66,192,70,195,66,59
566,59,11,70,70,196,70,207,70,59
567,59,13,72,72,192,68,201,72,59
568,59,17,76,68,204,84,213,68,59
569,59,19,78,70,204,86,215,70,59
570,59,23,82,82,192,86,211,82,59
571,59,29,88,88,192,84,217,88,59
572,59,31,90,90,192,86,219,90,59
573,59,37,96,96,192,100,225,96,59
574,59,41,100,100,196,100,237,100,59
575,59,43,102,102,196,102,239,102,59
576,59,47,106,106,192,102,235,106,59
577,59,53,112,112,192,116,241,112,59
578,59,59,118,118,196,118,255,118,59
579,59,61,120,120,192,116,249,120,59
580,59,67,126,134,188,70,135,6,59
581,59,71,130,130,128,70,131,130,59
582,59,73,132,132,132,68,141,132,59
583,59,79,138,138,128,70,139,138,59
584,59,83,142,134,140,86,151,134,59
585,59,89,148,148,132,84,157,148,59
586,59,97,156,132,156,100,165,132,59
587,59,101,160,160,128,100,161,160,59
588,59,103,162,162,128,102,163,162,59
589,59,107,166,166,132,102,175,166,59
590,59,109,168,168,128,100,169,168,59
591,59,113,172,164,140,116,181,164,59
592,59,121,180,180,132,116,189,180,59
593,59,127,186,186,128,118,187,186,59
594,61,1,62,2,254,66,195,2,61
595,61,2,63,64,193,66,192,0,61
596,61,3,64,64,192,66,193,64,61
597,61,5,66,66,194,66,199,66,61
598,61,7,68,68,192,66,197,68,61
599,61,11,72,72,192,74,201,72,61
600,61,13,74,74,194,74,207,74,61
601,61,17,78,66,206,82,211,66,61
602,61,19,80,80,192,82,209,80,61
603,61,23,84,84,192,82,213,84,61
604,61,29,90,90,194,90,223,90,61
605,61,31,92,92,192,90,221,92,61
606,61,37,98,98,194,98,231,98,61
607,61,41,102,98,198,106,235,98,61
608,61,43,104,104,192,106,233,104,61
609,61,47,108,108,192,106,237,108,61
610,61,53,114,114,194,114,247,114,61
611,61,59,120,120,192,122,249,120,61
612,61,61,122,122,194,122,255,122,61
613,61,67,128,128,128,66,129,128,61
614,61,71,132,132,128,66,133,132,61
615,61,73,134,130,134,74,139,130,61
616,61,79,140,140,128,74,141,140,61
617,61,83,144,144,128,82,145,144,61
618,61,89,150,146,134,90,155,146,61
619,61,97,158,130,158,98,163,130,61
620,61,101,162,162,130,98,167,162,61
621,61,103,164,164,128,98,165,164,61
622,61,107,168,168,128,106,169,168,61
623,61,109,170,170,130,106,175,170,61
624,61,113,174,162,142,114,179,162,61
625,61,121,182,178,134,122,187,178,61
626,61,127,188,188,128,122,189,188,61
627,67,1,68,4,252,132,189,4,67
628,67,2,69,4,253,134,190,4,67
629,67,3,70,6,252,134,191,6,67
630,67,5,72,8,248,132,185,8,67
631,67,7,74,10,248,134,187,10,67
632,67,11,78,22,244,134,183,6,67
633,67,13,80,16,240,132,177,16,67
634,67,17,84,36,236,132,173,4,67
635,67,19,86,38,236,134,175,6,67
636,67,23,90,42,232,134,171,10,67
637,67,29,96,32,224,132,161,32,67
638,67,31,98,34,224,134,163,34,67
639,67,37,104,136,152,132,153,8,67
640,67,41,108,148,148,132,149,4,67
641,67,43,110,150,148,134,151,6,67
642,67,47,114,146,144,134,147,18,67
643,67,53,120,136,136,132,137,8,67
644,67,59,126,134,132,134,135,6,67
645,67,61,128,128,128,132,129,128,67
646,67,67,134,134,188,134,255,134,67
647,67,71,138,138,184,134,251,138,67
648,67,73,140,148,180,132,245,132,67
649,67,79,146,146,176,134,243,146,67
650,67,83,150,166,172,134,239,134,67
651,67,89,156,164,164,132,229,132,67
652,67,97,164,196,156,132,221,132,67
653,67,101,168,200,152,132,217,136,67
654,67,103,170,202,152,134,219,138,67
655,67,107,174,214,148,134,215,134,67
656,67,109,176,208,144,132,209,144,67
657,67,113,180,196,140,132,205,132,67
658,67,121,188,196,132,132,197,132,67
659,67,127,194,194,128,134,195,194,67
660,71,1,72,8,248,136,185,8,71
661,71,2,73,8,249,138,186,8,71
662,71,3,74,10,248,138,187,10,71
663,71,5,76,12,248,140,189,12,71
664,71,7,78,14,248,142,191,14,71
665,71,11,82,18,240,138,179,18,71
666,71,13,84,20,240,140,181,20,71
667,71,17,88,40,232,136,169,8,71
668,71,19,90,42,232,138,171,10,71
669,71,23,94,46,232,142,175,14,71
670,71,29,100,36,224,140,165,36,71
671,71,31,102,38,224,142,167,38,71
672,71,37,108,140,152,140,157,12,71
673,71,41,112,144,144,136,145,16,71
674,71,43,114,146,144,138,147,18,71
675,71,47,118,150,144,142,151,22,71
676,71,53,124,140,136,140,141,12,71
677,71,59,130,130,128,138,131,130,71
678,71,61,132,132,128,140,133,132,71
679,71,67,138,138,184,138,251,138,71
680,71,71,142,142,184,142,255,142,71
681,71,73,144,144,176,136,241,144,71
682,71,79,150,150,176,142,247,150,71
683,71,83,154,170,168,138,235,138,71
684,71,89,160,160,160,136,225,160,71
685,71,97,168,200,152,136,217,136,71
686,71,101,172,204,152,140,221,140,71
687,71,103,174,206,152,142,223,142,71
688,71,107,178,210,144,138,211,146,71
689,71,109,180,212,144,140,213,148,71
690,71,113,184,200,136,136,201,136,71
691,71,121,192,192,128,136,193,192,71
692,71,127,198,198,128,142,199,198,71
693,73,1,74,2,254,146,183,2,73
694,73,2,75,4,253,146,180,0,73
695,73,3,76,4,252,146,181,4,73
696,73,5,78,18,242,146,179,2,73
697,73,7,80,16,240,146,177,16,73
698,73,11,84,20,244,146,189,20,73
699,73,13,86,26,242,146,187,18,73
700,73,17,90,34,238,146,167,2,73
701,73,19,92,36,236,146,165,4,73
702,73,23,96,32,224,146,161,32,73
703,73,29,102,42,226,146,171,34,73
704,73,31,104,40,224,146,169,40,73
705,73,37,110,146,146,146,147,2,73
706,73,41,114,146,150,146,159,18,73
707,73,43,116,148,148,146,157,20,73
708,73,47,120,152,144,146,153,24,73
709,73,53,126,130,130,146,131,2,73
710,73,59,132,132,132,146,141,132,73
711,73,61,134,138,130,146,139,130,73
712,73,67,140,132,188,146,245,132,73
713,73,71,144,144,176,146,241,144,73
714,73,73,146,146,182,146,255,146,73
715,73,79,152,152,176,146,249,152,73
716,73,83,156,164,172,146,229,132,73
717,73,89,162,162,166,146,239,162,73
718,73,97,170,194,158,146,215,130,73
719,73,101,174,210,146,146,211,130,73
720,73,103,176,208,144,146,209,144,73
721,73,107,180,212,148,146,221,148,73
722,73,109,182,218,146,146,219,146,73
723,73,113,186,194,142,146,199,130,73
724,73,121,194,194,134,146,207,194,73
725,73,127,200,200,128,146,201,200,73
726,79,1,80,16,240,144,177,16,79
727,79,2,81,16,241,146,178,16,79
728,79,3,82,18,240,146,179,18,79
729,79,5,84,20,240,148,181,20,79
730,79,7,86,22,240,150,183,22,79
731,79,11,90,26,240,154,187,26,79
732,79,13,92,28,240,156,189,28,79
733,79,17,96,32,224,144,161,32,79
734,79,19,98,34,224,146,163,34,79
735,79,23,102,38,224,150,167,38,79
736,79,29,108,44,224,156,173,44,79
737,79,31,110,46,224,158,175,46,79
738,79,37,116,148,144,148,149,20,79
739,79,41,120,152,144,152,153,24,79
740,79,43,122,154,144,154,155,26,79
741,79,47,126,158,144,158,159,30,79
742,79,53,132,132,128,148,133,132,79
743,79,59,138,138,128,154,139,138,79
744,79,61,140,140,128,156,141,140,79
745,79,67,146,146,176,146,243,146,79
746,79,71,150,150,176,150,247,150,79
747,79,73,152,152,176,152,249,152,79
748,79,79,158,158,176,158,255,158,79
749,79,83,162,162,160,146,227,162,79
750,79,89,168,168,160,152,233,168,79
751,79,97,176,208,144,144,209,144,79
752,79,101,180,212,144,148,213,148,79
753,79,103,182,214,144,150,215,150,79
754,79,107,186,218,144,154,219,154,79
755,79,109,188,220,144,156,221,156,79
756,79,113,192,192,128,144,193,192,79
757,79,121,200,200,128,152,201,200,79
758,79,127,206,206,128,158,207,206,79
759,83,1,84,4,252,164,173,4,83
760,83,2,85,4,253,166,174,4,83
761,83,3,86,6,252,166,175,6,83
762,83,5,88,8,248,164,169,8,83
763,83,7,90,10,248,166,171,10,83
764,83,11,94,38,228,166,167,6,83
765,83,13,96,32,224,164,161,32,83
766,83,17,100,36,236,164,189,36,83
767,83,19,102,38,236,166,191,38,83
768,83,23,106,42,232,166,187,42,83
769,83,29,112,48,224,164,177,48,83
770,83,31,114,50,224,166,179,50,83
771,83,37,120,136,152,164,137,8,83
772,83,41,124,132,132,164,133,4,83
773,83,43,126,134,132,166,135,6,83
774,83,47,130,130,128,166,131,130,83
775,83,53,136,136,136,164,153,136,83
776,83,59,142,150,132,166,151,134,83
777,83,61,144,144,128,164,145,144,83
778,83,67,150,134,188,166,239,134,83
779,83,71,154,138,184,166,235,138,83
780,83,73,156,164,164,164,229,132,83
781,83,79,162,162,160,166,227,162,83
782,83,83,166,166,172,166,255,166,83
783,83,89,172,180,164,164,245,164,83
784,83,97,180,196,156,164,205,132,83
785,83,101,184,200,152,164,201,136,83
786,83,103,186,202,152,166,203,138,83
787,83,107,190,198,132,166,199,134,83
788,83,109,192,192,128,164,193,192,83
789,83,113,196,196,140,164,221,196,83
790,83,121,204,212,132,164,213,196,83
791,83,127,210,210,128,166,211,210,83
792,89,1,90,2,254,162,167,2,89
793,89,2,91,4,253,162,164,0,89
794,89,3,92,4,252,162,165,4,89
795,89,5,94,34,226,162,163,2,89
796,89,7,96,32,224,162,161,32,89
797,89,11,100,36,228,162,173,36,89
798,89,13,102,42,226,162,171,34,89
799,89,17,106,34,238,178,183,34,89
800,89,19,108,36,236,178,181,36,89
801,89,23,112,48,224,178,177,48,89
802,89,29,118,58,226,178,187,50,89
803,89,31,120,56,224,178,185,56,89
804,89,37,126,130,130,162,131,2,89
805,89,41,130,130,134,162,143,130,89
806,89,43,132,132,132,162,141,132,89
807,89,47,136,136,128,162,137,136,89
808,89,53,142,146,130,178,147,130,89
809,89,59,148,148,132,178,157,148,89
810,89,61,150,154,130,178,155,146,89
811,89,67,156,132,188,162,229,132,89
812,89,71,160,160,160,162,225,160,89
813,89,73,162,162,166,162,239,162,89
814,89,79,168,168,160,162,233,168,89
815,89,83,172,164,172,178,245,164,89
816,89,89,178,178,166,178,255,178,89
817,89,97,186,194,158,162,199,130,89
818,89,101,190,194,130,162,195,130,89
819,89,103,192,192,128,162,193,192,89
820,89,107,196,196,132,162,205,196,89
821,89,109,198,202,130,162,203,194,89
822,89,113,202,194,142,178,215,194,89
823,89,121,210,210,134,178,223,210,89
824,89,127,216,216,128,178,217,216,89
825,97,1,98,2,254,130,159,2,97
826,97,2,99,4,253,130,156,0,97
827,97,3,100,4,252,130,157,4,97
828,97,5,102,10,250,130,155,2,97
829,97,7,104,8,248,130,153,8,97
830,97,11,108,20,244,130,149,4,97
831,97,13,110,18,242,130,147,2,97
832,97,17,114,130,142,130,143,2,97
833,97,19,116,132,140,130,141,4,97
834,97,23,120,136,136,130,137,8,97
835,97,29,126,130,130,130,131,2,97
836,97,31,128,128,128,130,129,128,97
837,97,37,134,138,154,130,187,130,97
838,97,41,138,146,150,130,183,130,97
839,97,43,140,148,148,130,181,132,97
840,97,47,144,144,144,130,177,144,97
841,97,53,150,170,138,130,171,130,97
842,97,59,156,164,132,130,165,132,97
843,97,61,158,162,130,130,163,130,97
844,97,67,164,132,188,194,221,132,97
845,97,71,168,136,184,194,217,136,97
846,97,73,170,146,182,194,215,130,97
847,97,79,176,144,176,194,209,144,97
848,97,83,180,196,140,194,205,132,97
849,97,89,186,194,134,194,199,130,97
850,97,97,194,194,158,194,255,194,97
851,97,101,198,202,154,194,251,194,97
852,97,103,200,200,152,194,249,200,97
853,97,107,204,212,148,194,245,196,97
854,97,109,206,210,146,194,243,194,97
855,97,113,210,226,142,194,239,194,97
856,97,121,218,226,134,194,231,194,97
857,97,127,224,224,128,194,225,224,97
858,101,1,102,2,254,138,155,2,101
859,101,2,103,8,249,138,152,0,101
860,101,3,104,8,248,138,153,8,101
861,101,5,106,10,250,138,159,10,101
862,101,7,108,12,248,138,157,12,101
863,101,11,112,16,240,138,145,16,101
864,101,13,114,18,242,138,151,18,101
865,101,17,118,130,142,138,139,2,101
866,101,19,120,136,136,138,137,8,101
867,101,23,124,140,136,138,141,12,101
868,101,29,130,130,130,138,135,130,101
869,101,31,132,132,128,138,133,132,101
870,101,37,138,138,154,138,191,138,101
871,101,41,142,146,150,138,179,130,101
872,101,43,144,144,144,138,177,144,101
873,101,47,148,148,144,138,181,148,101
874,101,53,154,170,138,138,175,138,101
875,101,59,160,160,128,138,161,160,101
876,101,61,162,162,130,138,167,162,101
877,101,67,168,136,184,202,217,136,101
878,101,71,172,140,184,202,221,140,101
879,101,73,174,146,182,202,211,130,101
880,101,79,180,148,176,202,213,148,101
881,101,83,184,200,136,202,201,136,101
882,101,89,190,194,134,202,195,130,101
883,101,97,198,194,158,202,251,194,101
884,101,101,202,202,154,202,255,202,101
885,101,103,204,204,152,202,253,204,101
886,101,107,208,208,144,202,241,208,101
887,101,109,210,210,146,202,247,210,101
888,101,113,214,226,142,202,235,194,101
889,101,121,222,226,134,202,227,194,101
890,101,127,228,228,128,202,229,228,101
891,103,1,104,8,248,136,153,8,103
892,103,2,105,8,249,138,154,8,103
893,103,3,106,10,248,138,155,10,103
894,103,5,108,12,248,140,157,12,103
895,103,7,110,14,248,142,159,14,103
896,103,11,114,18,240,138,147,18,103
897,103,13,116,20,240,140,149,20,103
898,103,17,120,136,136,136,137,8,103
899,103,19,122,138,136,138,139,10,103
900,103,23,126,142,136,142,143,14,103
901,103,29,132,132,128,140,133,132,103
902,103,31,134,134,128,142,135,134,103
903,103,37,140,140,152,140,189,140,103
904,103,41,144,144,144,136,177,144,103
905,103,43,146,146,144,138,179,146,103
906,103,47,150,150,144,142,183,150,103
907,103,53,156,172,136,140,173,140,103
908,103,59,162,162,128,138,163,162,103
909,103,61,164,164,128,140,165,164,103
910,103,67,170,138,184,202,219,138,103
911,103,71,174,142,184,206,223,142,103
912,103,73,176,144,176,200,209,144,103
913,103,79,182,150,176,206,215,150,103
914,103,83,186,202,136,202,203,138,103
915,103,89,192,192,128,200,193,192,103
916,103,97,200,200,152,200,249,200,103
917,103,101,204,204,152,204,253,204,103
918,103,103,206,206,152,206,255,206,103
919,103,107,210,210,144,202,243,210,103
920,103,109,212,212,144,204,245,212,103
921,103,113,216,232,136,200,233,200,103
922,103,121,224,224,128,200,225,224,103
923,103,127,230,230,128,206,231,230,103
924,107,1,108,4,252,148,149,4,107
925,107,2,109,4,253,150,150,4,107
926,107,3,110,6,252,150,151,6,107
927,107,5,112,16,240,148,145,16,107
928,107,7,114,18,240,150,147,18,107
929,107,11,118,22,244,150,159,22,107
930,107,13,120,24,240,148,153,24,107
931,107,17,124,132,140,148,133,4,107
932,107,19,126,134,140,150,135,6,107
933,107,23,130,130,128,150,131,130,107
934,107,29,136,136,128,148,137,136,107
935,107,31,138,138,128,150,139,138,107
936,107,37,144,144,144,148,177,144,107
937,107,41,148,148,148,148,189,148,107
938,107,43,150,150,148,150,191,150,107
939,107,47,154,154,144,150,187,154,107
940,107,53,160,160,128,148,161,160,107
941,107,59,166,166,132,150,175,166,107
942,107,61,168,168,128,148,169,168,107
943,107,67,174,134,188,214,215,134,107
944,107,71,178,146,176,214,211,146,107
945,107,73,180,148,180,212,221,148,107
946,107,79,186,154,176,214,219,154,107
947,107,83,190,198,140,214,199,134,107
948,107,89,196,196,132,212,205,196,107
949,107,97,204,196,156,212,245,196,107
950,107,101,208,208,144,212,241,208,107
951,107,103,210,210,144,214,243,210,107
952,107,107,214,214,148,214,255,214,107
953,107,109,216,216,144,212,249,216,107
954,107,113,220,228,140,212,229,196,107
955,107,121,228,228,132,212,237,228,107
956,107,127,234,234,128,214,235,234,107
957,109,1,110,2,254,146,147,2,109
958,109,2,111,16,241,146,144,0,109
959,109,3,112,16,240,146,145,16,109
960,109,5,114,18,242,146,151,18,109
961,109,7,116,20,240,146,149,20,109
962,109,11,120,24,240,154,153,24,109
963,109,13,122,26,242,154,159,26,109
964,109,17,126,130,142,146,131,2,109
965,109,19,128,128,128,146,129,128,109
966,109,23,132,132,128,146,133,132,109
967,109,29,138,138,130,154,143,138,109
968,109,31,140,140,128,154,141,140,109
969,109,37,146,146,146,146,183,146,109
970,109,41,150,146,150,154,187,146,109
971,109,43,152,152,144,154,185,152,109
972,109,47,156,156,144,154,189,156,109
973,109,53,162,162,130,146,167,162,109
974,109,59,168,168,128,154,169,168,109
975,109,61,170,170,130,154,175,170,109
976,109,67,176,144,176,210,209,144,109
977,109,71,180,148,176,210,213,148,109
978,109,73,182,146,182,218,219,146,109
979,109,79,188,156,176,218,221,156,109
980,109,83,192,192,128,210,193,192,109
981,109,89,198,194,134,218,203,194,109
982,109,97,206,194,158,210,243,194,109
983,109,101,210,210,146,210,247,210,109
984,109,103,212,212,144,210,245,212,109
985,109,107,216,216,144,218,249,216,109
986,109,109,218,218,146,218,255,218,109
987,109,113,222,226,142,210,227,194,109
988,109,121,230,226,134,218,235,226,109
989,109,127,236,236,128,218,237,236,109
990,113,1,114,2,254,130,143,2,113
991,113,2,115,4,253,130,140,0,113
992,113,3,116,4,252,130,141,4,113
993,113,5,118,10,250,130,139,2,113
994,113,7,120,8,248,130,137,8,113
995,113,11,124,132,132,130,133,4,113
996,113,13,126,130,130,130,131,2,113
997,113,17,130,130,142,130,159,130,113
998,113,19,132,132,140,130,157,132,113
999,113,23,136,136,136,130,153,136,113
1000,113,29,142,146,130,130,147,130,113
1001,113,31,144,144,128,130,145,144,113
1002,113,37,150,138,154,162,171,130,113
1003,113,41,154,162,134,162,167,130,113
1004,113,43,156,164,132,162,165,132,113
1005,113,47,160,160,128,162,161,160,113
1006,113,53,166,170,138,162,187,162,113
1007,113,59,172,180,132,162,181,164,113
1008,113,61,174,178,130,162,179,162,113
1009,113,67,180,132,188,194,205,132,113
1010,113,71,184,136,184,194,201,136,113
1011,113,73,186,194,134,194,199,130,113
1012,113,79,192,192,128,194,193,192,113
1013,113,83,196,196,140,194,221,196,113
1014,113,89,202,210,134,194,215,194,113
1015,113,97,210,194,158,226,239,194,113
1016,113,101,214,202,154,226,235,194,113
1017,113,103,216,200,152,226,233,200,113
1018,113,107,220,228,132,226,229,196,113
1019,113,109,222,226,130,226,227,194,113
1020,113,113,226,226,142,226,255,226,113
1021,113,121,234,242,134,226,247,226,113
1022,113,127,240,240,128,226,241,240,113
1023,121,1,122,2,254,130,135,2,121
1024,121,2,123,4,253,130,132,0,121
1025,121,3,124,4,252,130,133,4,121
1026,121,5,126,130,130,130,131,2,121
1027,121,7,128,128,128,130,129,128,121
1028,121,11,132,132,132,130,141,132,121
1029,121,13,134,138,130,130,139,130,121
1030,121,17,138,130,142,146,151,130,121
1031,121,19,140,132,140,146,149,132,121
1032,121,23,144,144,128,146,145,144,121
1033,121,29,150,154,130,146,155,146,121
1034,121,31,152,152,128,146,153,152,121
1035,121,37,158,162,130,162,163,130,121
1036,121,41,162,162,134,162,175,162,121
1037,121,43,164,164,132,162,173,164,121
1038,121,47,168,168,128,162,169,168,121
1039,121,53,174,178,130,178,179,162,121
1040,121,59,180,180,132,178,189,180,121
1041,121,61,182,186,130,178,187,178,121
1042,121,67,188,132,188,194,197,132,121
1043,121,71,192,192,128,194,193,192,121
1044,121,73,194,194,134,194,207,194,121
1045,121,79,200,200,128,194,201,200,121
1046,121,83,204,196,140,210,213,196,121
1047,121,89,210,210,134,210,223,210,121
1048,121,97,218,194,158,226,231,194,121
1049,121,101,222,226,130,226,227,194,121
1050,121,103,224,224,128,226,225,224,121
1051,121,107,228,228,132,226,237,228,121
1052,121,109,230,234,130,226,235,226,121
1053,121,113,234,226,142,242,247,226,121
1054,121,121,242,242,134,242,255,242,121
1055,121,127,248,248,128,242,249,248,121
1056,127,1,128,128,128,128,129,128,127
1057,127,2,129,128,129,130,130,128,127
1058,127,3,130,130,128,130,131,130,127
1059,127,5,132,132,128,132,133,132,127
1060,127,7,134,134,128,134,135,134,127
1061,127,11,138,138,128,138,139,138,127
1062,127,13,140,140,128,140,141,140,127
1063,127,17,144,144,128,144,145,144,127
1064,127,19,146,146,128,146,147,146,127
1065,127,23,150,150,128,150,151,150,127
1066,127,29,156,156,128,156,157,156,127
1067,127,31,158,158,128,158,159,158,127
1068,127,37,164,164,128,164,165,164,127
1069,127,41,168,168,128,168,169,168,127
1070,127,43,170,170,128,170,171,170,127
1071,127,47,174,174,128,174,175,174,127
1072,127,53,180,180,128,180,181,180,127
1073,127,59,186,186,128,186,187,186,127
1074,127,61,188,188,128,188,189,188,127
1075,127,67,194,194,128,194,195,194,127
1076,127,71,198,198,128,198,199,198,127
1077,127,73,200,200,128,200,201,200,127
1078,127,79,206,206,128,206,207,206,127
1079,127,83,210,210,128,210,211,210,127
1080,127,89,216,216,128,216,217,216,127
1081,127,97,224,224,128,224,225,224,127
1082,127,101,228,228,128,228,229,228,127
1083,127,103,230,230,128,230,231,230,127
1084,127,107,234,234,128,234,235,234,127
1085,127,109,236,236,128,236,237,236,127
1086,127,113,240,240,128,240,241,240,127
1087,127,121,248,248,128,248,249,248,127
1088,127,127,254,254,128,254,255,254,127
